"","V1","V2","V3","V4","V5","V6","V7","V8","V9","V10","V11","V12","V13","V14","V15","V16","V17","V18","V19","V20","V21","V22","V23","V24","V25","V26","V27","V28","V29","V30"
"39812",27.09,74.9,27.54,21.97,40.73169205,42.13,27.56976871,NA,26.4,21.795723413,50.8,11.805,10.73,24.57849954,33.62,11.97998802,29.3930636,22.96,0.847879266,NA,11.325,32.26,109.55,60.164670081,25.045,51.15519928,19.22,38.62765606,NA,4.16
"39815",27.79,77.45,28,22.345,42.10942505,42.4,29.76490638,NA,28,22.867644237,53.81,11.68,11.06,26.08724398,34.14,12.08665458,30.6934784,24.12,0.91385515,NA,11.67,32.98,112.2,62.492215347,26.215,54.2173404,20.08,39.9596442,NA,4.64
"39818",27.89,77.18,27.66,21.965,42.16847075,43.54,29.3974384,NA,26.8,22.4559645,55.5,11.565,11.41,26.78898558,34.21,11.80332153,30.7949292,23.7,1.0253009,NA,11.83,33.2,111.25,64.9527632,26.31,53.41304384,19.9,41.748882,NA,4.8
"39819",29.25,73.44,27.6,21.83,43.5166809,44.01,29.50381071,NA,27.65,21.694745365,56.85,11.65,11.275,26.42057124,33.89,11.87332146,29.05182,24.44,1.04759005,NA,11.735,33.4,109.5,64.126247126,26.85,54.61464352,20.57,43.6375219,NA,4.42
"39820",28.79,70.3,26.39,21.995,43.0049515,42.76,28.80755559,NA,27.38,21.069458218,55.85,11.3,10.86,25.29778468,33.67,11.36998863,29.9187632,24.14,1.05650571,NA,11.43,33.95,110.1,62.511215717,26.8,53.29676,19.2,40.10874735,NA,4.48
"39821",28.38,66.65,26.58,21.88,43.3198619,41.43,29.977651,NA,27.11,19.978118538,54.3,10.89,10.855,25.3504153,33.4,11.01665565,30.2784524,24.53,0.93168647,NA,11.305,34.53,111.05,62.634718118,27.12,51.4071476,18.7,40.3572526,NA,4.33
"39822",27.85,71.05,25.66,22.485,43.3789076,40.84,28.67217265,NA,27.225,18.797452124,50.14,10.46,10.72,24.55218423,33,11.23998876,30.988608,23.42,0.848770832,NA,11.2,34.45,113.06,60.345173591,27.41,49.36249008,18.44,41.2518715,NA,4.34
"39825",26.87,72.5,25.42,22.2,43.3395438,40.23,27.95657711,NA,26.88,18.99552445,48.24,10.365,10.56,24.28025936,33.15,11.1666555,31.449748,23.47,0.808650362,NA,10.92,33.15,115.25,58.435636455,26.84,47.8701808,18.42,39.24394908,NA,4.26
"39826",27,69.8,25.43,21.155,43.1427248,40.46,25.9161628,NA,25.88,18.603263569,49.8,9.805,10.525,23.9469321,33.45,11.37332196,30.5828048,22.36,0.825590116,NA,10.89,33.145,113.75,58.568639041,27.4,46.9011488,17.51,38.1704064,NA,3.99
"39827",25.36,66.98,24.18,20,42.73924585,40.29,23.72102513,NA,24.82,17.197338431,47,9.4,10.24,22.806602,32.82,11.6333217,26.0820784,21.18,0.794385306,NA,10.51,33.1,112.5,57.191112251,26,41.44549864,16.5,37.64357527,NA,3.92
"39828",25.55,64.38,23.23,19.665,42.0405384,40.26,18.9536116,NA,23.87,16.350676331,44.3,9.59,10.07,22.2802958,33.29,11.4999885,26.5708868,20.89,0.755156402,NA,10.37,32.78,106.74,56.725603198,26.08,41.99784688,16.5,37.772798,NA,3.94
"39829",25.92,65.41,23.64,19.665,42.119266,39.54,17.68681409,NA,23.82,15.348663387,44,9.39,9.98,22.05222978,32.86,11.2666554,29.1071568,20.95,0.649060048,NA,10.65,31.695,111.7,56.412097101,26.785,41.8621824,16.64,37.0769833,NA,4
"39832",24.68,63.64,22.68,19.09,42.0995841,40.19,17.10660149,NA,23.28,14.094205322,43.4,9.44,10.205,22.04345801,34,11.85998814,27.483944,20.84,0.736433516,NA,10.345,32.89,108.3,57.238613175,26.505,42.32731776,16.9,36.9775812,NA,3.79
"39833",24.9,60.06,22.81,18.555,41.2926262,40.4,16.62309099,NA,22.93,13.259194535,40.25,8.985,10.41,21.96451208,33.56,11.81998818,26.2942028,20.56,0.65530101,NA,9.98,32.325,105.65,57.476117794,25.95,41.60054376,16.73,36.778777,NA,3.77
"39834",25.77,60.88,23.08,18.95,41.9421289,40.98,17.67714388,NA,22.98,13.888365454,40.28,9.17,10.33,21.929425,33.68,11.1999888,27.1334776,21.05,0.67313233,NA,9.93,32.395,102.39,57.286114099,26.68,43.42232392,17.23,37.89208052,NA,3.94
"39835",26.28,63.35,22.69,18.31,41.4500814,40.01,17.09693128,NA,21.58,13.973808418,39.26,8.93,10.15,21.35048818,33.5,11.24998875,28.037312,20.75,0.63301186,NA,9.8,32.21,101,56.136591743,26.93,42.2497952,16.7,35.52631054,NA,4.05
"39836",25.99,61.35,22.3,17.7,42.46369925,38.49,16.9228675,NA,21.19,13.399010295,39.7,8.76,10.22,22.05222978,34.15,11.1666555,25.9345136,20.16,0.599132352,NA,9.35,35.155,99.75,57.010608741,26.15,40.97067296,16.62,33.9955182,NA,4.02
"39839",27.65,63.84,22.03,18.36,42.26688025,39.28,13.84774072,NA,21.085,13.709711983,40.01,9.3,10.24,22.93817855,34.61,11.97332136,27.299488,20.06,0.573276938,NA,9.34,35.095,103.55,58.122130358,25.95,41.92032432,15.78,32.802693,NA,4.56
"39840",27.64,63.74,22.24,18.61,41.38119475,39.69,13.538294,NA,22.1,14.129159262,39,9.405,10.07,23.00835271,34.48,12.1333212,27.1795916,20,0.60626488,NA,9.615,34.38,103.95,58.264633129,26.23,43.61613032,15.95,34.80067521,NA,4.65
"39841",28.64,70,23,19.04,42.2373574,39.66,13.89609177,NA,23.55,17.360456817,42.35,10.15,10.135,23.04343979,34.53,12.1666545,29.466846,20.24,0.6686745,NA,10.035,34,109.85,59.309653453,27.75,45.02122672,16.9,37.90202073,NA,4.76
"39842",27.56,68.06,23.35,18.32,41.67642325,39.15,12.90973035,NA,22.35,15.962299221,40.54,9.685,9.7,22.27152403,34.63,11.90998809,28.959592,20.05,0.627662464,NA,9.68,33.425,107.8,58.036628695,27.7,43.4610852,16.43,37.62369485,NA,4.22
"39843",27.24,66.04,22.88,18.645,41.08596625,38.33,13.48994295,NA,22.01,15.92346151,39.56,9.8,9.53,22.28906757,35,12.62998737,27.945084,20.21,0.626770898,NA,9.57,33.235,103.8,58.112630173,27.95,42.637408,15.99,38.3692106,NA,4.42
"39846",27.2,63.92,22.31,17.84,41.57801375,38.23,12.77434741,NA,21.3,15.092334495,38.36,9.265,9.5,21.78030491,35,12.5333208,27.1427004,19.89,0.600023918,NA,9.385,32.415,102.51,57.086610219,27.55,41.93970496,15.77,36.23206545,NA,4.44
"39847",27.48,64.58,22.5,18.075,42.1783117,38.5,13.57697484,NA,21.45,15.946764137,37.39,9.635,10.01,22.1925781,35.35,12.666654,27.6960684,20.19,0.596457654,NA,10.125,33.795,106.5,58.768142921,27.945,42.2982468,15.95,35.83445705,NA,4.5
"39848",28.25,65.69,23.98,19.13,41.71578705,37.11,13.3448898,NA,22.73,16.273000909,38.45,9.86,10.14,22.50836182,34.75,12.3666543,28.313996,20.29,0.590216692,NA,10.455,34.2,103.55,58.901145508,28.26,43.66458192,17.18,36.70919553,NA,4.45
"39849",28.67,67.51,24.15,19.475,42.2176755,35.8,13.2481877,NA,22.72,16.078812354,40.29,9.99,10.09,23.11361395,35.8,12.5999874,28.175654,20.2,0.639252822,NA,10.485,34.85,109.25,59.756162136,29.14,45.3506976,17.76,36.2817665,NA,4.32
"39850",29.14,68.6,26.2,21.8,43.30018,35.81,14.03147471,NA,24.71,16.886636743,42.27,10.38,10.085,23.01712448,34.6,12.666654,28.5168976,20.37,0.718602196,NA,10.845,34,110.01,60.041167679,29.63,48.19965168,18.75,37.32548855,NA,4.45
"39853",29.2,71.6,26.14,22.88,43.15256575,36.52,14.9888255,NA,25.59,17.880882144,41.08,10.715,9.77,22.13994748,33.64,12.7666539,28.5999028,20.49,0.758722666,NA,10.825,34.04,109.6,58.853644584,29.755,47.24031,18.91,39.02526446,NA,4.73
"39854",28.6,66.8,24.67,22.125,42.0799022,35.61,15.23058075,NA,23.78,16.855566574,38.3,10.2,9.54,21.28908579,33.55,12.7999872,27.7514052,19.81,0.688288952,NA,10.295,34.255,105.2,57.732622783,28.6,44.73051712,17.93,35.59589201,NA,4.59
"39855",28.22,65.9,24.6,22.495,42.8671782,36.26,15.7624423,NA,24.35,17.010917418,38.45,10.19,9.59,21.21891163,34.68,12.65998734,27.714514,20,0.680264858,NA,10.37,34.2,103.8,58.02712851,28.68,45.302246,18.18,36.31158713,NA,4.55
"39856",27.34,64.88,24.03,22.725,42.4538583,35.63,14.74707025,NA,23.615,17.298316479,38.2,10.205,9.6,20.6136595,34.88,12.54665412,26.1650836,19.97,0.649951614,NA,10.19,33.9,102.4,55.614081581,28.35,44.49794944,17.55,34.92989794,NA,4.92
"39857",27.05,64.7,24.62,23.61,42.44401735,35.29,15.71409125,NA,24.175,17.748833927,38.16,10.22,9.65,20.14875569,34.7,12.61332072,26.6723376,20.2,0.64638535,NA,10.26,32.945,104.45,54.303056085,28.81,44.88556224,17.65,37.772798,NA,4.8
"39860",26.6,63.5,24.41,23.345,42.64083635,35.33,14.2152087,NA,23.515,16.622540308,38.06,10,9.715,19.7364825,34.85,12.71998728,27.852856,19.93,0.616072106,NA,10.08,32.915,105.56,53.11553299,28.425,44.1394076,17.73,37.63363506,NA,4.8
"39861",26.2,59.14,23.18,21.705,41.3516719,35.01,13.0547835,NA,22.52,15.597224738,37.55,9.56,9.39,19.35052462,34.5,12.94665372,25.1505756,19.49,0.605373314,NA,9.9,31.54,100.47,52.792526708,28.29,43.08316272,16.9,36.2817665,NA,4.67
"39862",25.84,57.07,23.2,21.64,41.8240375,34.98,12.62929426,NA,21.685,15.5350844,38.53,9.3,9.61,19.20140453,34.08,12.666654,24.1914044,19.09,0.59289139,NA,9.68,32.25,101.1,52.393518948,27.93,43.00564016,16.73,38.10082493,NA,4.65
"39863",25.58,57.5,22.89,21.975,41.49928615,34.9,12.7646772,NA,21.9,15.5350844,38.55,9.23,9.5,19.69262365,33.95,12.7666539,24.348192,19.02,0.55722875,NA,9.74,31.33,104.8,53.486040195,27.05,42.82152408,16.65,38.04118367,NA,4.6
"39864",25.13,52.31,21.86,21.375,40.04282555,34.07,12.90973035,NA,20.29,14.05148384,36.97,8.74,9.385,19.0347409,33.89,13.2333201,22.4390724,18.74,0.534048034,NA,9.395,31.35,97.2,51.025492343,25.94,40.23420864,15.35,36.3811686,NA,4.46
"39867",24.39,50.87,21.21,20.205,40.0133027,33.57,12.13611355,NA,19.05,13.336869957,35.03,8.45,9.27,18.64878302,34,13.17332016,20.7513,17.72,0.484120338,NA,9.21,31.39,95.9,50.027972943,25.95,39.3426992,14.57,36.23206545,NA,4.36
"39868",24.58,50.95,21.78,19.35,39.3638,33.96,11.5075499,NA,18.865,14.781632807,36.5,8.55,9.27,19.28912223,34.41,12.26332107,19.045082,17.86,0.47252998,NA,9.16,30.9,93.35,51.662004721,26.22,40.3601828,14.6,34.30366471,NA,4.58
"39869",24.25,49.99,21.22,20.03,38.8127068,34.06,11.4108478,NA,18.595,15.061264326,37.87,8.29,9.1,18.2452816,33.4,11.9666547,19.0819732,18.73,0.475204678,NA,8.99,30.34,89.59,49.951971465,26.29,39.74000232,14.3,34.57205038,NA,4.7
"39870",24.09,54.58,22.43,20.345,37.6908385,33.7,12.27149649,NA,18.795,16.583702597,37.83,7.795,9.43,17.9821285,32.82,12.4666542,20.0319216,18.72,0.433301076,NA,8.98,30.41,97.23,48.688446892,25.6,40.1179248,14.58,35.3871476,NA,4.8
"39871",22.94,53.9,22.1,19.765,37.64163375,32.97,11.604252,NA,18.15,16.109882523,36.6,7.68,9.62,18.00844381,32.4,11.97998802,19.460108,18.64,0.43240951,NA,8.76,29.745,97.15,48.070934882,25.62,39.3426992,14.27,35.40702802,NA,4.77
"39874",22.96,50.98,20.88,19.065,35.821058,32.34,12.06842208,NA,17.45,15.309825676,34.45,7.42,9.37,16.78039601,32.35,12.0999879,18.860626,18.85,0.447566132,NA,8.46,29.31,92.5,44.071357099,25.27,37.1623772,13.39,33.70725211,NA,4.27
"39875",22.93,50.5,20.86,19.31,35.87026275,31.91,12.24248586,NA,17.875,15.232150254,33.34,7.405,9.27,17.06109265,32.21,12.01665465,18.537828,18.5,0.43240951,NA,8.29,29.165,91.7,44.422863935,25.65,37.307732,13.58,34.97959899,NA,4.25
"39876",23.06,53.55,22.19,20.85,37.001972,32.4,12.80335804,NA,19.48,15.63994622,34.42,7.49,9.67,17.95581319,32.35,11.7666549,21.074098,19.17,0.429734812,NA,8.67,29.44,92.95,46.379901995,26.125,39.17796376,14.82,36.1823644,NA,4.5
"39877",22.73,49.59,20.77,19.36,34.96489535,31.38,11.72996473,NA,18.105,14.944751193,31.99,7.015,9.24,17.58739885,31.77,11.0999889,19.36788,18.47,0.418144454,NA,8.175,28.985,83.15,46.360901626,25.65,37.72441576,13.8,32.83251363,NA,4.2
"39878",22.95,47.82,20.59,19.795,33.9512775,30.84,12.2811667,NA,18.35,14.237904853,30.67,6.72,9.21,17.60494239,30.78,10.79665587,19.413994,18.66,0.369108324,NA,8.04,28.555,81.8,45.80989091,24.94,36.78445472,13.69,31.5104657,NA,4.09
"39881",23.5,48.55,20.64,20.115,34.7385535,30.4,11.74930515,NA,18.63,14.921448566,30.41,6.66,9.095,17.56985531,31.16,10.76998923,18.67617,18.59,0.353951702,NA,7.91,29.31,80.75,45.714889062,25.22,37.54029968,13.94,30.26793945,NA,4.19
"39882",24.92,52.68,22.61,21.26,36.8445168,30.23,13.11280476,NA,20.56,17.484737492,32.95,7.29,9.32,16.97337495,29.59,10.83665583,22.6696424,19.14,0.362867362,NA,8.22,30.35,87,46.58890606,26.705,40.44739568,14.98,31.2122594,NA,4.45
"39883",24.72,53.77,23.44,22.75,36.608334,30.79,12.91940056,NA,21.13,18.579960942,33.64,7.48,9.26,16.666363,28.81,10.44998955,21.1017664,19.48,0.380698682,NA,8.255,30.225,85.5,46.284900148,26.28,41.14509872,15.12,35.50643012,NA,4.41
"39884",24.9,56.02,24.29,23.6,36.9035625,32,12.97742182,NA,21.95,20.871385891,34.35,7.51,9.44,16.10496972,29.32,10.4999895,19.6537868,19.71,0.43240951,NA,8.25,32.335,89.3,47.557924905,26.1,42.99594984,15.32,36.03326125,NA,4.47
"39885",24.44,56.75,24.26,22.8,36.5099245,32.37,12.84203888,NA,21.68,20.257750058,37.2,7.56,9.53,16.35057928,30.17,10.81665585,19.5246676,19.62,0.421710718,NA,8.09,31.57,89.7,47.890431372,25.9,42.39515,14.79,36.14260356,NA,4.41
"39888",24.35,58.66,24.35,22.405,35.94899035,32.46,12.8613793,NA,21.945,20.646127168,39.64,7.73,9.655,17.27161513,29.19,10.666656,19.4693308,19.49,0.495710696,NA,8.33,31.89,94.1,48.982952619,26.3,42.96687888,14.85,36.778777,NA,4.41
"39889",23.91,60.5,24.03,22.85,32.36688455,32.65,12.571273,NA,21.5,21.345205966,39.76,7.55,9.555,16.89442902,29.68,11.1666555,19.7552376,19.3,0.479662508,NA,8.2,31.82,93.81,48.184937099,26.45,43.2672788,14.5,35.51637033,NA,4.42
"39890",23.9,63.1,23.9,22.63,33.852868,33,12.83236867,NA,21.66,21.516091894,43,7.59,9.655,17.26284336,28.75,11.1999888,18.90674,19.52,0.571493806,NA,8.45,32.38,94,48.868950402,27.27,43.5579884,14.68,34.5919308,NA,4.45
"39891",24.45,64.32,23.7,21.83,33.37066145,31.82,12.9580814,NA,21.61,22.261775945,39.6,7.795,9.36,16.97337495,27.65,10.30665636,19.9304708,19.01,0.608939578,NA,8.455,32.16,98.5,49.210957053,27.6,42.2497952,13.7,36.15254377,NA,4.51
"39892",23.87,62.3,23.78,21.855,36.81499395,31.15,12.61962405,NA,20.985,21.710280449,39.49,7.505,9.085,17.57862708,25.99,9.8666568,20.2348232,19.12,0.60180705,NA,8.055,31.66,93.45,49.685966291,26.805,42.11413072,13.35,35.29768571,NA,4.32
"39895",24.62,68.09,24.54,22.425,37.39561,31.94,13.10313455,NA,21.815,24.390082508,41,7.935,9.3,18.45580408,26.55,9.7333236,21.0648752,19.69,0.703445574,NA,8.495,31.74,97.35,50.52198255,27.25,44.56578168,14.15,35.14858256,NA,4.57
"39896",25.44,65.8,24.87,22.355,38.182886,32.63,12.64863468,NA,20.95,24.85613504,41.33,7.92,9.44,18.51720647,26.74,9.80665686,20.797414,20.17,0.819349154,NA,8.5,32.635,94.51,51.205995853,27.56,44.7692784,14.22,36.12272314,NA,4.5
"39897",26.23,64.11,24.01,22.11,37.64163375,33.36,12.0877625,NA,20.38,23.574490577,39.66,8.105,9.51,18.72772895,28.04,10.04665662,22.0332692,20.35,0.760505798,NA,8.5,32.51,96,51.738006199,27.025,41.67806632,13.98,37.4745917,NA,4.84
"39898",26.25,67.7,24.34,22.54,37.48417855,33.63,12.05875187,NA,20.475,24.863902582,43.7,8.37,9.56,19.08737152,29.04,9.7999902,22.1254972,20.39,0.818457588,NA,8.54,32.99,96.05,52.669024306,27.88,43.2188272,13.81,40.73498058,NA,4.88
"39899",25.37,66.1,23.76,23.29,36.85435775,33.43,12.31984754,NA,20.83,24.957113089,42.28,8.35,9.25,18.55229355,28.9,9.72665694,21.581352,20.28,0.714144366,NA,8.31,32.595,95,51.101493821,26.63,42.86028536,13.26,44.17429324,NA,4.71
"39902",24.47,60.72,22.27,21.62,35.8604218,32.99,11.26579465,NA,19.08,22.370521536,41.63,7.95,9.18,18.00844381,28.85,9.4999905,19.921248,19.8,0.684722688,NA,8.06,32.345,90.5,49.429461303,26.125,40.07916352,12.38,41.42085507,NA,4.71
"39903",25.06,63.59,22.97,21.7,36.017877,33.74,11.9910604,NA,19.41,24.017240483,45.5,8.12,9.37,18.46457585,29.23,9.54999045,22.734202,20.39,0.782794948,NA,8.21,33.195,92,50.455481257,26.88,41.90094368,13.3,43.08087014,NA,5.02
"39904",25.14,64.72,23.14,22.77,35.43726095,34.02,12.36819859,NA,19.425,24.265801833,46.6,8.2,9.56,18.32422753,29.49,9.58665708,22.503632,20.72,0.749807006,NA,8.33,33.78,93.6,50.626484583,27.025,41.90094368,13.07,46.2219765,NA,5.17
"39905",26.39,69.4,24.98,26.015,36.3918331,34.29,13.71235778,NA,22.09,27.147559989,48.6,8.67,9.705,19.21894807,29.15,9.87665679,24.255964,21.2,0.791710608,NA,8.675,34.31,97.9,51.833008047,27.56,43.5579884,15.05,49.04499614,NA,5.35
"39906",27.04,71.67,25.82,27.115,36.0572408,34.37,15.53035726,NA,23.74,27.57477481,47.9,8.89,9.47,18.95579497,28.04,9.4999905,25.5840472,21.36,0.82024072,NA,9.06,33.51,98.8,50.046973312,27.615,45.87397488,15.63,47.713008,NA,5.51
"39909",26.65,69.06,25.68,25.055,36.32294645,34.02,15.7624423,NA,22.885,27.100954736,46.15,8.82,9.315,19.1224586,27.67,9.2666574,27.1427004,21.32,1.00301175,NA,9.09,32.74,99,51.215496038,27.59,43.2188272,15.35,49.70105,NA,5.46
"39910",26.21,66.98,25.05,23.855,36.4902426,34.3,15.5690381,NA,22.45,25.834845357,44.8,8.64,9.43,19.41192701,28.55,9.25999074,26.2111976,21.63,0.97180694,NA,8.935,32.185,98,51.614503798,27.675,42.47267256,14.83,52.24574376,NA,5.37
"39911",26.25,68.13,25.38,25.375,36.36231025,34.24,15.68508062,NA,24.095,26.331968058,45.3,8.66,9.55,19.76279781,28.96,9.33665733,27.8620788,21.61,1.12337316,NA,9.265,32.385,97.95,52.868528186,28.735,42.6858596,15.03,53.82623715,NA,6.03
"39912",27.62,69.7,26.75,25.97,37.001972,33.94,16.68111225,NA,24.35,28.747673682,47.49,8.88,9.46,20.27156047,28.25,9.64999035,28.221768,20.38,1.19024061,NA,9.51,32.115,99,53.628542967,29.1,44.5270204,15.92,57.30531065,NA,6.12
"39917",27.56,70.31,27.41,25.665,36.63785685,33.3,16.68111225,NA,24.43,28.94962978,50.5,9.125,9.41,19.94700498,28.74,9.5333238,28.406224,19.64,1.18132495,NA,9.605,31.49,98.6,54.07505165,29.045,44.58516232,16.7,56.64925679,NA,5.88
"39918",27.52,71.7,27.3,25.71,37.32672335,34.1,16.65210162,NA,24.945,29.089445539,48.95,9.31,9.55,20.49085472,28.69,9.66999033,27.7052912,20.14,1.23927674,NA,9.7,31.66,101.3,53.87554777,29.405,45.23441376,16.64,52.3849067,NA,6.23
"39919",27.72,72.56,27.1,26.055,37.592429,34.29,16.68111225,NA,25.49,30.68179169,50.95,9.525,9.63,20.56102888,28.74,9.71999028,28.36011,20.09,1.33289117,NA,9.75,32.295,102,54.626062366,29.5,46.1259232,17.48,54.09462282,NA,6.17
"39920",27.7,72.45,27.1,27.14,37.54322425,32.19,16.83583561,NA,26.58,33.01205435,51.35,9.865,9.8,20.3505064,30,10.0666566,32.8885048,20.05,1.50228871,NA,9.87,33.325,102.45,55.65208232,29.45,46.77517464,18.3,56.37093091,NA,6.2
"39923",27.16,68.62,26.08,25.89,37.24799575,30.39,15.3756339,NA,24.435,29.275866552,47.07,9.42,9.715,19.28912223,28.98,9.8999901,30.020214,19.75,1.38638513,NA,9.435,32.65,101.65,54.635562551,29.08,44.1878592,16.77,53.9753403,NA,5.8
"39924",28.2,70.22,26.1,25.83,38.182886,30.16,15.54969768,NA,24.9,29.943875181,48.2,9.475,9.095,19.77156958,29.25,10.1666565,28.037312,19.42,1.48891522,NA,9.56,33.17,103.26,55.813585461,29.305,44.73051712,17,51.63939095,NA,6
"39925",29.24,71.63,26.5,26.135,38.60604685,29.94,15.9558465,NA,25.97,31.0701688,49.93,8.89,8.77,19.61367772,28.96,10.2999897,28.775136,19.28,1.55578267,NA,9.59,33.08,103.93,54.816066062,29.875,46.3197296,17.64,53.677134,NA,6.07
"39926",30.15,70.8,26.1,26.24,38.01558985,29.16,17.00022918,NA,26.3,30.813839908,51.7,8.54,8.68,19.90314613,28.8,10.54998945,30.066328,19.09,1.68060191,NA,9.75,33.235,97,50.12297479,30.335,45.46698144,17.15,52.66323258,NA,6.19
"39927",30.58,70.45,27.18,27.275,38.35018215,29.88,19.8239305,NA,27.3,31.940133527,52.4,8.555,8.97,20.89435614,28.99,11.01665565,29.881872,19.77,1.67168625,NA,9.6,33.25,94.47,50.445981072,31.12,47.61823248,17.66,49.94955525,NA,6.25
"39930",30,68.09,27.11,27.15,38.23209075,29.74,18.38306921,NA,27.05,33.050892061,53.05,8.445,9.13,21.52592358,29.1,10.73998926,29.466846,19.88,1.59590314,NA,8.81,34,92.9,49.932971095,30.705,47.0949552,17.28,48.45852375,NA,6.13
"39931",29.37,67.95,26.92,26.05,38.09431745,30.79,17.64813325,NA,26.57,31.419708199,51.33,8.355,9.125,21.48206473,29.39,10.82998917,29.789644,20.08,1.52903569,NA,8.8,33.5,92,50.293978116,30.46,46.1259232,16.6,46.51024259,NA,5.95
"39932",28.64,70.17,26.89,26.745,36.85435775,30.58,19.28239874,NA,27.1,31.815852851,53.52,8.49,9.175,22.32415465,29.42,10.6999893,29.6605248,20.24,1.66722842,NA,9.345,33.75,98.2,51.091993636,29.37,49.9535996,16.43,45.38699886,NA,5.97
"39933",28.6,69.63,28.64,26.17,36.95276725,31,18.9536116,NA,27,31.225519644,55.2,8.66,9.225,22.32415465,29.7,10.61665605,29.3100584,20.45,1.75638502,NA,9.525,33.89,103.2,51.823507862,28.725,49.00394824,16.23,47.1165954,NA,6.24
"39937",29.49,71.8,28.78,26.89,37.64163375,31.47,19.4371221,NA,27.515,32.204229961,57,9.12,8.49,23.71886608,29.24,10.7666559,33.66322,21.27,2.06397529,NA,10.02,33.855,102.5,52.868528186,29.285,50.9710832,17.41,45.26771634,NA,6.21
"39938",26.44,71.78,28.74,27.36,37.4940195,31.6,19.4371221,NA,27.85,32.118786997,55.19,9.705,8.39,23.29782112,28.54,10.7666559,35.784464,21.21,2.35819207,NA,10.23,33.1,101.5,53.334037239,28.415,50.12802536,17.18,46.15239503,NA,6.47
"39939",25.33,74.5,29.3,28.36,37.4743376,31.6,21.12940885,NA,28.31,32.180927335,55.79,10.02,8.31,22.84168908,28.72,10.7999892,37.859594,22.1,2.228915,NA,10.66,32.54,104.35,53.951549248,28.625,51.25210248,17.76,48.56786606,NA,6.66
"39940",25.22,71.45,28.05,27.91,37.34640525,31.9,19.97865386,NA,27.57,30.580813642,54.68,10,8.175,20.99084561,29.17,10.95665571,39.2337912,21.83,2.26903547,NA,10.23,31.42,102.9,53.448039456,28,49.33341912,17.22,45.98341146,NA,6.33
"39941",24.75,76.21,29.63,27,37.54322425,33.15,20.83930255,NA,27.72,32.825633337,55.3,10.315,8.135,21.79784845,29.27,11.3666553,37.1309928,22.31,2.09072227,NA,10.515,31.5,101.44,55.832585831,28.84,51.28117344,18.3,44.91980899,NA,6.74
"39944",25.1,76.32,29.23,25.565,37.60226995,33.4,19.48547315,NA,26.78,32.662514951,55.32,10.18,8.14,21.32417287,28.81,11.58998841,37.6659152,21.96,1.84108379,NA,10.065,31.02,98,55.680582875,29.505,50.04081248,17.45,41.68924074,NA,6.53
"39945",25.89,75.73,29.26,25,37.68099755,33.15,19.51448378,NA,26.15,31.342032777,57.21,10.03,8.355,21.20136809,29.31,11.23998876,35.4524432,22.48,1.86337294,NA,10,31.705,99.79,55.490579179,29.325,49.6144384,16.29,42.69320195,NA,6.75
"39946",24.85,70.3,27.88,23.86,36.06708175,32.85,18.31537774,NA,24.845,29.749686626,55.56,9.415,8.325,20.89435614,29.98,11.58332175,33.1836344,22,1.6939754,NA,9.465,31.545,96.5,55.367076778,29.73,47.50194864,15.7,42.50433796,NA,6.75
"39947",24.26,70.65,27.5,24.765,36.7264254,32.74,18.35405858,NA,25.255,30.448765424,56.38,9.52,8.445,21.06101977,30.19,11.51332182,28.8950324,21.96,1.9168669,NA,9.36,31.61,98.5,55.65208232,29.935,48.94580632,15.89,44.58184185,NA,6.61
"39948",23.98,68.8,27.62,24.655,36.3131055,32.76,18.22834585,NA,24.985,31.046866174,59.6,9.335,8.29,20.49962649,29.76,11.3999886,28.3047732,21.88,1.91240907,NA,9.23,31.14,95.5,55.614081581,29.525,48.5969548,15.92,47.69312758,NA,6.36
"39951",25.46,71.75,28.7,25.2,36.805153,33.45,19.00196265,NA,25.62,33.524712135,60.24,9.41,8.435,21.03470446,30.31,11.81665485,27.945084,22.38,1.9168669,NA,9.24,31.915,98.5,55.737583983,30.59,50.21523824,16.5,46.37107965,NA,6.71
"39952",26.65,72.45,29.12,26.16,37.6514747,33.65,19.65953693,NA,26.1,35.311246841,64.4,9.545,8.38,21.51715181,30.09,11.50998849,27.4101616,22.5,2.16204755,NA,9.545,31.79,98.36,56.431097471,30.655,52.6184376,17.24,48.4088227,NA,7.05
"39953",27.19,70.9,30.45,26.035,40.1313941,33.75,23.00542959,NA,26.33,36.002558097,63.96,9.54,8.31,22.02591447,30.54,11.666655,27.6591772,22.97,2.14421623,NA,9.915,32.5,96.53,56.801604676,30.05,52.80255368,17.63,48.86607236,NA,6.83
"39954",26.04,68.2,29.62,25.37,39.13745815,33.61,22.57994035,NA,25.185,36.352097496,60.71,9.495,8.17,21.53469535,29.84,11.50998849,26.5063272,22.33,2.08180661,NA,9.6,32.47,93.75,56.022589526,29.675,50.88387032,17.1,49.1046374,NA,6.57
"39955",26.27,68.1,29.94,25.045,38.5962059,33.53,22.48323825,NA,24.95,36.468610629,60.42,9.665,8.19,21.81539199,29.8,11.63998836,25.8883996,22.29,2.10409576,NA,9.615,32.07,94.25,56.193592852,29.935,50.90325096,17.13,49.28356118,NA,6.38
"39958",26.21,68.44,29.93,24.93,38.7930249,34.05,22.89905728,NA,24.785,36.390935207,60.39,9.645,8.26,21.98205562,29.96,12.1333212,25.8883996,22.25,2.04168614,NA,9.73,32.525,94.5,56.545099688,30.11,51.48467016,16.96,48.6076269,NA,6.44
"39959",26.27,69.96,30.6,25.385,39.2653905,34.14,22.7249935,NA,25.865,37.556066537,59.99,9.725,8.285,22.13994748,30.05,11.88332145,24.255964,22.24,2.01493916,NA,9.79,33.245,96.5,56.877606154,30.335,51.8916636,17.35,48.71696921,NA,6.41
"39960",26.24,69.9,30.38,26.115,38.8323887,34.02,22.96674875,NA,26.03,37.245364849,60.31,10.03,8.14,22.04345801,29.82,11.52332181,23.7302644,22.06,2.0060235,NA,9.86,33.76,97.41,57.001108556,30.205,51.77537976,17.61,48.79649089,NA,6.32
"39961",25.91,69.55,30.03,25.385,38.27145455,33.95,22.38653615,NA,25.685,36.274422074,60.02,9.77,8.075,22.18380633,30,11.4999885,22.641974,21.94,1.95252954,NA,9.84,34.305,98,56.915606893,30.225,51.30055408,17.65,48.707029,NA,6.23
"39962",25.86,69.42,29.78,25.35,39.5212552,34.65,21.6612704,NA,25.84,36.779312317,61.4,9.76,8.09,22.00837093,29.84,11.41665525,23.97928,21.7,1.97481869,NA,9.815,33.915,98.45,55.67108269,30.435,50.11833504,18.03,51.12250003,NA,6.43
"39965",26.55,71.75,31.68,27,39.9148932,34.89,22.96674875,NA,28,38.177469913,64.88,10.19,8.24,22.806602,30.07,11.5333218,24.8646688,22.46,2.13530057,NA,10.09,33.88,99.65,57.058109665,30.97,52.75410208,19.34,53.85605778,NA,6.35
"39966",26.71,71.54,31.99,27.43,39.4228457,35.61,23.96278038,NA,27.86,37.509461284,62.58,10.27,8.15,22.70134076,30.2,11.49665517,26.74612,22.34,2.12638491,NA,10.18,33.495,97.33,57.42861687,31.255,52.812244,19.85,52.84215636,NA,6.51
"39967",26.29,69.75,31.79,27.05,39.8558475,35.15,22.7249935,NA,26.84,35.847207253,61.6,10.025,8.095,22.03468624,30.36,11.12998887,24.5049796,22.01,2.06397529,NA,10.08,33.425,96.5,56.108091189,30.865,51.4555992,19.43,49.83027273,NA,6.49
"39968",26,71.07,31.47,27.11,41.33199,34.6,23.25685505,NA,27.44,37.090014005,62.2,10.125,8.05,21.85925084,30.86,11.22332211,25.178244,22.52,2.21999934,NA,10,34.345,98.3,56.117591374,30.505,52.44401184,20.4,51.4902878,NA,6.62
"39969",26.06,70.9,31.33,27.97,40.7218511,34,23.5953124,NA,27.785,37.377413067,62.89,10.385,7.99,21.74521783,30.36,11.1333222,24.763218,22.56,2.28686679,NA,9.905,34.4,98,55.690083059,30.36,52.92852784,20.48,53.07078119,NA,6.6
"39972",25.74,69.02,30.76,28.07,40.02314365,33.93,22.96674875,NA,26.77,36.468610629,60.99,10.24,7.98,21.4031188,30.54,10.8999891,25.408814,22.24,2.17987887,NA,9.775,33.84,96,55.129572159,30.415,51.73661848,19.87,52.46442838,NA,6.46
"39973",25.84,68.5,30.7,28.04,40.12155315,33.79,21.16808969,NA,26.56,36.429772918,59.46,9.985,7.99,21.6662719,30.88,10.9333224,25.3627,22.48,2.23783066,NA,9.665,34.35,96,55.680582875,30.5,51.7947604,19.62,52.65329237,NA,6.68
"39974",27.53,68.4,30.81,28.915,40.347895,33.75,21.33248326,NA,26.99,36.18897911,58.6,9.99,7.905,21.94696854,30.68,11.1333222,26.423322,23.17,2.29578245,NA,9.515,35.58,95.51,55.414577701,29.87,51.96918616,20.15,52.683113,NA,6.85
"39975",27.86,69.61,31.49,29.38,41.10564815,33.54,22.4348872,NA,27.9,37.183224512,61.07,10.1,8.01,22.48204651,30.88,10.80665586,26.5985552,23.28,2.42060169,NA,9.47,36.11,97.25,56.146091928,29.975,52.812244,20.57,52.46442838,NA,6.87
"39976",26.88,68.39,31.66,29.18,40.9777158,33.55,22.31884468,NA,27.75,36.701636895,58.7,10,8.06,22.32415465,31.15,10.68665598,26.2296432,22.78,2.38493905,NA,9.3,36.685,96.45,56.146091928,29.44,52.327728,20.08,52.01711893,NA,6.82
"39979",26.7,65.6,30.65,27.81,39.2260267,33.18,20.89732381,NA,25.95,34.643238212,55.49,9.67,7.96,21.49960827,31.08,10.66332267,25.0952388,22.29,2.24228849,NA,9.075,36.585,93.55,54.578561443,28.99,49.76948352,19.01,49.81039231,NA,6.46
"39980",26.52,64.6,30.26,27.57,39.3638,32.88,19.57250504,NA,25.645,34.200488307,57.32,9.575,7.95,21.72767429,31.11,10.9333224,25.3903684,22.15,2.17987887,NA,9.065,35.195,92.83,54.350557008,28.91,50.06988344,19.22,48.41876291,NA,6.59
"39981",26.91,64.31,29.3,27.125,38.72413825,33.2,18.75053719,NA,25.1,33.78880857,56.98,9.03,8.18,21.45574942,32,11.2333221,24.8001092,22.12,2.05951746,NA,8.94,35.445,93,54.037050911,28.935,49.9535996,18.37,46.37107965,NA,6.47
"39982",26.86,65.77,29.06,27.325,39.3047543,33,19.62085609,NA,25.13,34.790821514,58.15,8.985,8.365,21.77153314,32.01,11.4333219,28.6736852,22.09,2.12638491,NA,8.895,35.335,95.09,53.942049064,28.87,49.36249008,18.05,47.4148017,NA,6.59
"39983",26.8,65.16,29.04,26.795,39.59014185,32.89,18.69251593,NA,24.5,33.944159414,57.55,9.04,8.35,22.49959005,31.82,11.2999887,28.775136,22.57,2.0506018,NA,8.66,35.89,93.8,54.09405202,28.86,49.16868368,17.87,47.76270905,NA,6.47
"39986",26.26,62.61,28.09,25.67,38.2222498,31.99,18.8569095,NA,24.4,31.419708199,54.38,8.775,8.24,21.72767429,31.96,11.21665545,27.068918,22.01,1.9168669,NA,8.625,35.41,92.62,53.09653262,28.27,47.24031,16.97,46.53012301,NA,6.2
"39987",26.98,63.37,28.06,26.095,37.83845275,32.5,19.28239874,NA,25.25,31.404173115,55.36,8.815,8.24,22.28906757,32.11,11.4999885,27.530058,22.07,2.0506018,NA,8.68,36.28,92,53.828046847,28.17,46.74610368,17.1,47.29551918,NA,6.24
"39988",27.74,65.35,28.96,26.555,38.2419317,32.79,18.9536116,NA,25.585,33.089729772,56.37,8.97,8.155,22.74519961,31.67,11.2999887,28.0004208,22.41,2.13530057,NA,8.705,36.04,93,53.723544814,28.865,47.66668408,18.06,47.6136059,NA,6.76
"39989",27.55,65.2,28.4,26.565,38.1435222,33.65,19.9206326,NA,25.53,33.781041028,56,9.08,8.25,22.87677616,31.98,11.14665552,28.1572084,22.24,2.25566198,NA,8.81,35.58,93.45,53.67604389,28.685,47.8217292,17.99,47.96151325,NA,6.86
"39990",27.41,63.28,28.04,26.77,37.9663851,33.14,19.23404769,NA,25.83,33.866483992,55.08,9,8.23,22.18380633,31.58,11.13998886,28.313996,21.8,2.25120415,NA,8.76,35.15,93.6,52.868528186,28.305,47.3372132,17.93,47.3153996,NA,6.96
"39993",27.42,65.35,29.04,27.14,37.9663851,33.73,19.20503706,NA,26.245,34.371374235,56.32,9.355,8.425,22.65748191,31.85,11.0333223,27.7237368,22.36,2.26903547,NA,9.07,35.985,96.6,54.113052389,28.7,48.67447736,18.16,47.713008,NA,6.85
"39994",27.04,65.41,28.4,26.83,37.6121109,33.45,19.52415399,NA,25.72,33.579084931,55.25,9.235,8.37,22.13117571,31.94,11.08998891,27.253374,22.16,2.25120415,NA,8.95,36.3,96.13,53.486040195,28.6,47.70544536,17.71,49.44260454,NA,6.94
"39995",27.54,67.55,29.08,27.67,38.0844765,34.19,20.08502617,NA,26.4,33.54024722,55.07,9.6,8.565,22.3680135,32.16,11.2666554,27.3824932,23.39,2.33144509,NA,8.96,37.06,98.2,54.236554791,28.7,48.55819352,18.28,49.06487656,NA,6.9
"39996",26.83,65.05,27.8,26.54,36.9035625,33.47,19.4371221,NA,25.07,32.514931649,52.48,9.305,8.395,21.59609774,32.44,11.48665518,26.7553428,23.07,2.19325236,NA,8.755,36.34,96.1,53.153533729,28.105,46.04840064,17.24,50.3968647,NA,6.68
"39997",26.49,64.9,27.68,26.52,36.79531205,33.42,19.38877105,NA,25.035,33.198475363,52.03,9.39,8.355,21.24522694,32.69,11.12332221,25.6486068,22.84,2.17542104,NA,8.735,36.225,95.52,52.488520795,27.81,45.99025872,17.06,49.57182727,NA,6.87
"40000",26.34,64.3,27.85,25.78,36.5099245,33.16,18.80855845,NA,24.65,32.196462419,52.44,9.24,8.34,20.90312791,32.7,10.88332245,24.6802128,22.52,2.19771019,NA,9,36.19,95.2,51.928009895,27.77,45.61233624,16.6,49.70105,NA,6.75
"40001",26.24,63.35,27.75,25.525,35.9981951,32.59,18.4701011,NA,24.23,32.856703506,51.93,9.22,8.225,20.13998392,32.26,11.11665555,24.624876,22.19,2.20216802,NA,8.85,36.425,94.5,50.882989571,27.38,45.059988,16.85,48.54798564,NA,6.85
"40002",25.7,62.58,27.53,25.035,35.7620123,32.29,18.2766969,NA,23.655,32.367348348,50.23,9.1,8.09,20.5259418,32.44,10.8333225,25.8515084,22.12,2.38493905,NA,8.83,36.26,93.65,50.635984767,27.855,44.74989776,16.72,48.4088227,NA,6.82
"40003",25.37,63.75,27.76,25.615,35.9785132,32.02,18.89559034,NA,24.41,34.138347969,51.76,9.26,8.105,20.44699587,32.25,10.76998923,26.5801096,21.9,2.33590292,NA,8.86,36.22,95.1,50.379479779,28.805,45.9805684,16.92,50.695071,NA,6.89
"40004",25.49,62.65,27.92,25.865,35.2109191,31.75,18.42175005,NA,24.29,34.083975174,51.22,8.93,8.01,20.15752746,31.86,10.59332274,25.0030108,21.8,2.41168603,NA,8.63,35.57,94.48,50.312978486,28.6,45.33131696,16.71,50.56584827,NA,6.87
"40007",25.71,64.69,29.04,26.64,36.7854711,31.84,18.71185635,NA,25.7,35.520970481,52.25,9.01,8.055,20.74523605,31.96,10.64998935,27.714514,21.92,2.58108357,NA,8.81,35.645,97.06,51.367498994,29.305,46.9011488,16.78,53.5777319,NA,7.19
"40008",26.23,65.95,29.6,28.04,36.3327874,31.9,19.4371221,NA,26.375,36.196746652,53.5,9.24,8.075,20.93821499,31.39,10.54998945,27.622286,21.91,2.5855414,NA,8.85,35.955,96.6,51.643004352,29.125,47.36628416,17.43,56.37093091,NA,7.44
"40009",26.45,67.9,31.07,28.55,36.57881115,32.49,21.16808969,NA,27.73,37.486158657,55.76,9.48,8.18,21.35048818,31.53,10.666656,27.7237368,22.73,2.81734856,NA,9.065,36.005,98.2,52.982530403,29.82,48.936116,18.09,57.16614771,NA,7.7
"40010",26.76,68.88,31.36,28.5,36.805153,32.84,22.67664245,NA,28.37,37.455088489,56.59,9.48,8.22,21.2276834,31.55,10.61998938,27.714514,22.54,3.09819185,NA,9.21,35.875,98.75,53.552541489,30,49.35279976,17.95,57.40471275,NA,7.83
"40011",27.04,68.55,31.7,29.44,37.4349738,32.88,23.28586568,NA,28.975,37.540531453,57.4,9.6,8.3,21.052248,31.84,10.63665603,27.5116124,22.79,2.91542082,NA,9.32,36.165,98.6,53.704544445,30.25,50.0020512,17.94,56.4603928,NA,8.12
"40014",27.54,69.92,32.02,28.95,37.5137014,32.9,26.58340729,NA,29.93,38.092026949,57.65,9.89,8.27,21.53469535,31.7,10.64998935,27.345602,23.27,2.88,NA,9.365,35.8,99.4,54.683063475,30.395,50.631922,18.6,52.83221615,NA,7.8
"40015",27.86,69.95,32.4,29.97,37.9663851,32.93,24.80408865,NA,30.15,37.824046743,57.68,9.93,8.265,21.64872836,31.4,10.71332262,28.1018716,23.85,3.015,NA,9.46,35.87,97.5,54.683063475,30.33,51.5040508,18.6,53.5777319,NA,8.01
"40016",28.03,69.26,33.04,29.99,38.8520706,33.21,24.39793983,NA,30.05,38.126980889,57.5,9.97,8.395,21.90310969,31.81,10.83665583,27.8251876,24.18,3.015,NA,9.485,36.82,98.71,55.433578071,31.16,52.2792764,18.53,53.82623715,NA,8.15
"40017",28.6,71.11,34.25,30.52,40.2101217,33.48,24.68804613,NA,31.02,39.466881918,58.9,10.33,8.53,22.30661111,31.6,10.7999892,28.1203172,24.69,2.985,NA,9.75,36.665,101,55.595081212,31.75,53.91694048,19.7,54.12444345,NA,8.11
"40018",28.99,70.78,34.33,30.9,39.560619,33.78,24.175525,NA,31.565,39.769816064,59.64,10.24,8.515,22.27152403,32.19,10.5666561,28.037312,24.39,2.885,NA,9.635,31.7,101.4,55.215073821,31.525,53.6843728,20.53,56.64925679,NA,8
"40021",29.1,71.34,33.78,30.45,39.55077805,33.75,24.87178012,NA,30.53,40.453359778,59.26,10.37,8.51,22.70134076,32.36,10.5999894,27.945084,24.51,2.75,NA,9.47,31.425,101.37,55.196073452,31.515,54.19795976,21.06,55.68505642,NA,7.98
"40022",28.79,70.25,33.95,30.5,39.3244362,33.85,25.01683327,NA,30.2,36.266654532,57.56,10.39,8.7,22.60485129,32.11,10.61332272,27.6684,24.41,2.65,NA,9.42,32.085,101.35,55.09157142,31.12,53.80065664,20.4,54.7705571,NA,7.9
"40023",29.89,70.01,34.7,31.575,41.5091271,34.49,24.78474823,NA,31.39,36.414237834,56.58,10.61,8.77,22.85923262,32.28,10.7333226,28.175654,25.03,2.745,NA,9.43,31.75,103,55.433578071,31.865,55.17668208,20.3,54.40276933,NA,8.04
"40024",29.92,70.17,34.12,32.005,42.85733725,34.6,25.82913091,NA,31.965,36.383167665,57.01,11.17,9.04,23.61360484,32.21,11.1333222,28.083426,25.61,2.79,NA,9.6,32.005,105,56.488098579,32.955,55.1379208,21.45,53.2795256,NA,8.12
"40025",29.63,69.39,35.01,32.245,42.2767212,35.34,23.5953124,NA,32.415,35.497667854,55.55,11.1,8.97,23.42939767,32.25,11.52332181,28.313996,25.8,2.875,NA,9.465,32.585,106.3,56.383596547,33.045,54.20765008,21.56,54.62145395,NA,7.71
"40028",30.35,70.9,36.07,32.915,44.0284103,35.41,24.18519521,NA,33.705,36.460843087,58.11,11.29,9.01,23.55220245,32.63,12.01665465,28.2955504,25.36,2.88,NA,9.51,32.435,105.75,56.706602829,33.12,55.77748192,22.54,56.25164839,NA,7.42
"40029",30.34,72.86,35.72,32.45,43.4182714,34.8,24.44629088,NA,33.78,36.157908941,57.24,11.33,8.965,23.683779,31.7,11.6999883,28.544566,25.53,2.895,NA,9.565,32.65,102.95,56.763603937,33.425,55.19606272,22.88,56.58961553,NA,7.74
"40030",32.2,74.89,35.57,31.52,43.0246334,35.08,23.42124862,NA,32.805,35.653018698,53.38,11.31,8.85,23.0697551,31.31,11.3999886,30.0294368,26.3,2.745,NA,10.19,32.13,101,55.595081212,33.12,54.7987596,22.6,56.60949595,NA,7.54
"40031",32.27,74.8,34.95,31.415,43.58556755,35.06,22.35752552,NA,32.465,35.249106504,51.85,11.32,8.76,23.07852687,30.44,11.04998895,31.5143076,26.98,2.755,NA,10.48,32.345,101.9,55.262574745,33.14,55.9131464,22.75,57.653218,NA,7.47
"40032",33.23,76.22,35.3,31.48,44.21538835,35.49,22.5315893,NA,33.695,36.585123762,52.6,11.5,9.11,23.56097422,31.2,11.20665546,31.7541004,26.92,2.935,NA,10.695,32.28,102.74,55.880086755,33.495,57.44421696,23.4,58.10052745,NA,7.41
"40035",33.32,76.45,35.15,31.625,43.50683995,35.58,22.49290846,NA,32.16,36.655031642,52.86,11.55,9.08,23.0697551,31.06,11.3999886,32.372028,26.95,2.93,NA,10.645,32.02,103.2,55.614081581,33.33,56.67868168,22.97,57.53393548,NA,7.38
"40036",32,75,34.2,31,41.9421289,34.68,23.64366345,NA,31.66,35.567575734,52.1,11.16,9.025,22.78905846,30.84,11.25998874,31.680318,26.85,2.925,NA,10.325,31.425,101.5,55.006069757,33.1,55.59336584,21.99,56.659197,NA,7.56
"40037",31.64,75.35,34.54,31.415,42.68020015,34.34,23.14081253,NA,31.95,35.598645903,52.58,11.11,9.12,23.95570387,30.99,11.1333222,32.233686,27.39,2.92,NA,10.53,31.855,101.47,56.792104491,33.115,55.8646948,22.02,57.653218,NA,7.44
"40038",31.72,76.15,35.8,32.41,42.1389479,34.31,23.73069534,NA,32.265,36.422005376,53.01,11.3,9.055,24.07850865,30.36,11.01332232,32.556484,27.26,3.14,NA,10.705,31.85,101.5,56.45009784,33.125,56.3007592,22.51,58.59753795,NA,7.6
"40039",31.7,76.25,34.94,31.975,41.63705945,34.07,22.75400413,NA,32.035,35.87050988,52.3,11.215,8.96,24.25394405,30.07,10.96998903,32.1506808,26.93,3.23,NA,10.58,31.68,100.3,56.25059396,32.94,55.6224368,23.14,56.83812078,NA,7.57
"40042",31.95,74.05,33.98,31.34,41.4500814,33.68,21.52588746,NA,30.885,35.27240913,51.37,10.84,8.82,23.5960613,30.21,10.7999892,32.04923,26.66,3.275,NA,10.435,31.57,98.4,55.291075299,32.625,54.50805,23.23,56.97728372,NA,7.18
"40043",32.22,74.39,34.52,31.245,41.9814927,33.38,25.28759915,NA,31.1,36.010325639,53.77,10.96,8.87,23.93816033,30.1,10.7666559,31.910888,26.69,3.435,NA,10.45,31.65,100.1,56.184092667,32.595,54.4595984,23.85,58.89574425,NA,7.35
"40044",32.22,74.35,34.66,31.45,42.68020015,33.52,25.69374797,NA,31.15,35.73069412,53.65,10.9,8.99,24.55218423,30.39,10.9333224,31.634204,26.63,3.37,NA,10.66,31.565,99.41,57.24811336,32.78,54.7987596,23.69,67.95127556,NA,7.78
"40045",32.32,74.64,35.33,32.04,42.85733725,33.6,25.92583301,NA,31.96,36.080233519,53.65,11,9.02,24.90305503,30.65,11.2999887,32.2798,26.65,3.405,NA,10.62,31.45,99.69,58.42613627,32.895,55.20575304,24.01,62.9215293,NA,7.97
"40046",32.95,76.9,36.01,32.475,43.29033905,34.23,26.4963754,NA,32.805,37.206527138,54.14,11.335,9.13,26.15741814,30.56,11.2999887,31.81866,27.16,3.39,NA,11.01,31.52,101.2,60.658679689,33.16,57.172888,24.39,62.88176846,NA,7.8
"40049",32.65,79.09,36.65,32.15,43.44779425,34.28,26.94120506,NA,32.385,38.06095678,54.71,11.58,9.165,26.00829805,30.49,11.65332168,32.6394892,27.33,3.32,NA,11.06,31.865,105.83,61.171689666,33.15,57.28917184,24.69,62.3251167,NA,7.77
"40050",33.2,79.44,37.84,32.45,43.54620375,34.23,26.96054548,NA,32.725,37.905605936,55.84,11.65,9.35,26.00829805,30.48,11.7333216,32.879282,27.46,3.34,NA,11.285,32.495,105.5,61.77970149,33.48,59.75051312,24.4,63.26943665,NA,8.11
"40051",33.64,81.95,36.98,32.4,43.44779425,35.55,28.8172258,NA,32.345,37.905605936,55.57,11.8,9.36,25.85917796,30.84,11.68332165,35.8859148,27.97,3.33,NA,11.2,32.23,105.3,61.428194654,33.45,58.54891344,23.82,62.1263125,NA,7.8
"40052",32.97,81.15,36.53,31.76,41.9421289,35.38,28.1403111,NA,31.73,37.447320946,54.62,12.055,9.435,26.25390761,30.88,11.70665496,37.721252,27.51,3.36,NA,11.16,32.255,103.75,61.903203892,34.05,58.55860376,23.87,63.0209314,NA,7.72
"40053",33,81.45,36.92,31.87,42.2373574,36.23,27.58910913,NA,31.9,37.517228826,53.72,12.28,9.39,26.18373345,30.75,11.74332159,38.090164,27.59,3.525,NA,11.335,31.88,104,61.646698903,34.04,58.94621656,24.24,64.68094647,NA,7.52
"40056",32.85,80.5,36.5,31.81,42.1586298,35.5,27.6568006,NA,31.44,36.616193931,52.96,12.025,9.29,25.76268849,31.36,11.7333216,37.3615628,27.49,3.71,NA,11.25,31.61,103.8,61.276191698,34.01,58.50046184,23.6,65.07855487,NA,7.36
"40057",31.9,78.3,36,31,41.1154891,34.89,25.67440755,NA,30.54,35.575343276,52.32,11.51,9.13,24.62235839,30.62,11.14998885,35.9320288,26.91,3.58,NA,10.77,31.455,102,59.528157702,33.705,56.46549464,22.73,65.1083755,NA,7.2
"40058",31.47,76.85,35.84,30.42,41.30246715,35.1,26.32231162,NA,30,35.645251156,53.11,11.14,9.1,25.06971866,30.5,11.01998898,34.8806296,26.58,3.455,NA,10.63,31.115,104.2,59.290653083,34.095,57.2213396,22.35,64.83004962,NA,7.32
"40059",31.47,76.71,34.75,30.245,41.1942167,35.7,26.81549233,NA,30.435,36.352097496,54.35,11.48,9.165,24.88551149,30.4,10.82998917,37.5183504,26.56,3.655,NA,10.755,31.065,104.16,58.996147356,33.875,57.3666944,23.15,66.4006028,NA,7.25
"40060",31.59,77.11,35.01,31.9,41.9618108,35.76,27.3666943,NA,31.99,37.711417381,54.9,11.85,9.42,25.15743636,30.65,10.8666558,37.35234,26.12,3.715,NA,10.8,31.24,104.8,59.727661582,34.03,58.75241016,23.1,65.1083755,NA,7.46
"40063",32.05,77.98,36.02,32.305,43.60524945,37.15,27.82119417,NA,32.52,37.944443647,55,11.95,9.48,25.21883875,31.29,11.0666556,38.1178324,26.68,3.745,NA,11.06,31.71,104.24,59.452156224,33.89,59.55670672,23.65,65.25747865,NA,7.68
"40064",32.62,77.5,36.34,32.35,43.74302275,38.04,27.89855585,NA,32.25,37.478391115,54.9,12.01,9.625,25.20129521,31.1,10.92998907,37.35234,26.46,3.82,NA,11.365,31.88,103.7,59.290653083,33.7,59.86679696,23.28,64.22369681,NA,7.63
"40065",34.07,79.95,36.58,34.44,45.31757475,38.34,31.21543788,NA,33.3,38.099794491,55.23,12.07,9.63,25.5258507,31.66,10.77332256,42.4525484,27.12,3.815,NA,11.765,32.175,104,59.737161767,34.64,60.98118376,23.24,64.22369681,NA,7.8
"40066",32.99,81.25,36.03,34.35,45.1699605,38.45,35.73142595,NA,33.6,38.822175916,54.7,12.25,9.59,25.28901291,31.61,10.80332253,40.672548,27.3,3.985,NA,11.83,33.27,105,59.376154746,35.27,62.6479188,23.78,63.8161482,NA,7.94
"40067",32.87,82.11,36.09,34.31,44.9534596,38.85,33.9424371,NA,33.3,38.542544397,55.58,12.7,9.53,25.25392583,31.77,10.77332256,39.5473664,28,3.985,NA,11.87,33.925,103.65,59.281152898,35.215,61.44631912,24.45,66.47018427,NA,7.86
"40070",33.85,82,35.91,35.11,45.84898605,39.31,34.30990508,NA,33.41,38.340588299,57.08,12.54,9.42,24.99077273,32.01,10.72665594,38.6250864,28.63,3.865,NA,11.93,34.01,103.79,59.328653822,35.23,62.47349304,24.16,68.26936228,NA,7.85
"40071",34.15,82.02,36.1,34.825,46.7051487,38.8,38.24568055,NA,33.15,38.876548711,56.58,12.495,9.58,24.98200096,31.8,10.7666559,43.6607352,28.42,3.93,NA,12.07,33.85,103.83,59.290653083,35.02,63.35531216,24.19,71.91741935,NA,8.12
"40072",35.95,83.99,36.6,35.09,47.2168781,38.76,38.92259525,NA,34.145,40.298008934,56.94,12.77,9.505,24.95568565,32.73,10.8666558,43.162704,28.39,3.88,NA,12.315,33.545,104.86,59.680160658,34.625,64.2952732,24.86,75.0485855,NA,8.24
"40073",36.48,82.37,36.4,34.16,47.14799145,39.03,36.77580863,NA,33.62,40.857271972,57.2,13.195,9.42,25.04340335,33.78,11.2999887,44.26944,27.9,3.645,NA,12.17,33.7,103.7,60.259671929,34.065,63.98518296,24.9,73.9551624,NA,8.21
"40074",36.34,83,37,33.82,47.039741,38.71,36.14724498,NA,33.695,40.437824693,59.58,13.2,9.32,25.29778468,33.7,11.333322,42.2312012,27.45,3.61,NA,12.15,33.93,104.8,60.117169157,34.255,64.71195696,24.89,72.87167951,NA,8.49
"40077",35.75,83.13,36.54,34.3,47.039741,38.58,35.5863728,NA,32.97,39.82418886,58.47,12.84,9.3,25.21883875,33.87,11.30665536,40.303636,27.44,3.59,NA,11.935,33.865,104.44,59.385654931,34.41,63.53942824,24.29,69.58147,NA,8.37
"40078",35.85,84.4,36.88,34.78,46.63626205,38.59,38.05227635,NA,34.21,40.698037357,58.25,13.04,9.33,25.21006698,34.08,11.2999887,44.546124,27.52,3.65,NA,12.31,34.345,107.67,59.965166201,34.555,63.78168624,24.29,68.69679131,NA,8.25
"40079",36.15,84.6,36.64,34.055,46.3705564,38.98,37.37536165,NA,33.96,41.548583228,58.86,12.85,9.27,25.30655645,33.84,11.07332226,44.26944,27.93,3.735,NA,12.295,33.54,109.2,59.746661952,34.125,64.15960872,24.15,70.59537142,NA,8.21
"40080",35.59,81.1,35.75,33.735,45.4848709,38.31,36.52438317,NA,33.63,39.715443269,58,12.6,9.23,24.78025025,33.5,11.23998876,42.4,27.94,3.525,NA,12.12,33.71,107,59.148150312,33.57,62.24092536,23.87,71.8677183,NA,8.13
"40081",36.1,81.14,35.33,33.45,45.21916525,39.29,35.20923461,NA,33.6,39.886329197,57.7,12.57,9.29,24.93814211,33.97,11.333322,42.08,28.46,3.515,NA,11.855,33.905,106.6,59.186151051,33.35,61.62074488,23.25,74.09432534,NA,7.9
"40084",36.15,83.54,36.2,34.165,47.56131135,40.25,36.63075548,NA,34.42,41.253416624,57.42,12.87,9.46,25.83286265,34.01,11.2666554,42.96,29.5,3.56,NA,12.12,34.25,108.2,61.561197241,33.42,64.22744096,23.93,75.19768865,NA,8.3
"40085",35.91,83.75,36,33.755,47.7286075,39.85,35.4896707,NA,34.305,41.610723566,56.68,12.83,9.455,25.68374256,33.93,11.1999888,44.35,29.29,3.66,NA,12.085,34.27,108.3,60.297672668,33.16,62.81265424,23.6,77.7324422,NA,8.2
"40086",36.33,86.1,36.34,32.91,46.8232401,40.1,35.70241532,NA,34.62,41.144671034,56.08,12.82,9.355,25.50830716,34.08,11.1666555,44.22,29.42,3.89,NA,12.155,33.98,109.3,60.497176548,33.55,61.76609968,23.65,78.4282569,NA,8.16
"40087",35.45,84.1,34.85,32.355,45.2290062,39.8,35.31560692,NA,33.44,39.350368785,54.1,12.4,9.16,24.85042441,33.67,11.33665533,42.35,28.7,3.75,NA,11.76,33.695,110.3,59.594658995,33.34,59.837726,22.73,75.69469915,NA,7.8
"40088",34.9,82.17,34.41,31.78,45.2290062,39.24,34.16485193,NA,32.94,38.946456591,54.68,12.11,9.11,24.55218423,33.4,11.18332215,42.6,28.23,3.68,NA,11.5,33.305,110.7,59.129149942,33.035,58.61674568,22.6,74.7503792,NA,7.76
"40091",35.4,82.9,34.9,31.975,45.7407356,39.52,33.75870311,NA,32.73,39.381438954,54.9,12.18,9.3,24.51709715,33.8,11.16998883,42.49,28.62,3.76,NA,11.605,33.45,110.89,59.395155116,33.125,58.97528752,22.55,75.9432044,NA,7.85
"40092",35.9,85.38,35.92,32.415,46.69530775,40.45,36.0698833,NA,33.505,40.60094308,55.92,12.57,9.37,24.85919618,33.66,11.15998884,43.5,29.21,3.785,NA,11.7,33.93,111.37,60.107668972,33.135,60.97149344,23.16,78.57736005,NA,8.02
"40093",35.18,86.15,36.1,32.145,46.53785255,40.53,36.75646821,NA,33.425,40.670850959,55.65,12.57,9.36,24.61358662,33.89,11.16998883,43.6,29.21,3.78,NA,11.635,33.86,111,60.145669712,33.415,61.02963536,23.04,80.0186905,NA,8.06
"40094",34.53,86.66,37.18,33.015,46.41976115,40.78,38.63248895,NA,34.515,41.435953866,56.39,12.81,9.42,24.62235839,33.95,11.2999887,43.82,30.84,3.8,NA,11.79,33.85,112.1,60.193170635,34.375,62.5510156,23.86,80.7145052,NA,8.03
"40095",34.85,86.95,37.36,32.875,46.3115107,41.13,38.38106349,NA,34.59,41.358278444,56.82,12.76,9.31,24.46446653,33.53,11.2999887,44.7,30.81,3.795,NA,11.745,33.915,113.73,59.955666016,34.505,62.71575104,23.82,79.1240716,NA,8.06
"40098",34.9,88.16,38.21,33.5,47.3349695,41.66,40.1313715,NA,34.735,42.251545797,57.54,12.69,9.43,24.41183591,33.7,11.48665518,45.44,31.24,3.96,NA,11.93,34.41,113.82,60.041167679,34.705,64.26620224,24.19,77.08632855,NA,8.24
"40099",34.42,87.12,37.94,33.33,46.7445125,41.19,39.40610575,NA,34.5,41.882587543,56.58,12.53,9.325,24.07850865,33.28,11.43998856,45.86,30.45,3.92,NA,11.8,34.26,112.88,59.015147725,34.62,63.78168624,24.35,77.7324422,NA,8.06
"40100",35.9,88.21,40.32,33.985,47.630198,41.59,40.99202019,NA,35.11,43.304047765,57.94,12.7,9.46,23.63114838,33.4,11.31332202,47.25,30.93,4.01,NA,12.02,34.63,114.54,59.22415179,35.04,66.70816288,25.24,76.8378233,NA,8.29
"40101",36.3,87.3,39.99,33.575,47.9647903,41.84,41.0016904,NA,35.15,43.731262586,58.45,12.97,9.565,23.46448475,33.6,11.29665537,47.28,31.69,3.93,NA,11.93,34.85,113.1,58.169631282,34.83,66.38838232,25.57,77.533638,NA,8.69
"40102",36.15,86.6,39.69,33.45,47.02990005,41.96,40.3247757,NA,35.34,42.830227691,58.68,12.79,9.42,23.11361395,33.4,11.32332201,46.68,31.89,3.83,NA,11.765,34.7,111.62,58.055629064,34.595,65.1189504,25.37,72.4641309,NA,8.55
"40105",36.57,86.4,40.84,34.62,47.827017,42.5,40.41180759,NA,37.48,43.669122249,62.02,12.85,9.455,23.10484218,33.44,11.31332202,48.56,31.71,3.865,NA,11.695,34.95,113.49,58.24563276,35.14,65.80696312,25.37,73.69671694,NA,8.56
"40106",35.88,84.35,40.18,34.95,46.8626039,42.25,39.59950995,NA,36.81,42.682644389,61.42,12.72,9.42,23.4206259,33.26,11.21665545,47.83,31.51,3.88,NA,11.51,35.035,113.25,58.730142182,34.59,64.9735956,25.04,70.9730994,NA,8.6
"40107",35.29,84.12,40.32,35.46,47.6695618,42.41,39.3577547,NA,37.16,41.902006398,60.59,12.75,9.6,23.95570387,33.15,11.30332203,47.06,31.48,3.745,NA,11.615,35.38,113.9,59.233651975,34.985,65.167402,25.04,72.6629351,NA,8.75
"40108",34.96,84.41,39.55,35.55,47.46290185,42.22,38.92259525,NA,36.72,41.148554805,60.36,12.47,9.73,23.79781201,32.94,11.1666555,45.73,30.9,3.62,NA,11.44,35.05,112.65,59.072148834,34.365,64.17898936,24.28,72.83191867,NA,8.76
"40109",34.74,83.55,39.2,36.14,47.0594229,42.41,38.86457399,NA,36.855,41.094182009,59.73,12.39,9.555,23.64869192,32.37,11.1666555,45.48,31.15,3.515,NA,11.615,34.75,111.04,58.331134422,34.47,63.63633144,24.44,72.68281552,NA,8.63
"40112",33.81,80.7,38.38,35.51,47.433379,41.95,38.07161677,NA,35.74,39.447463063,58.79,12.07,9.48,23.53465891,31.97,11.2333221,43.95,31.15,3.395,NA,11.18,33.39,109.5,58.236132575,34.21,62.89986712,24.1,71.12220255,NA,8.6
"40113",33.34,79.9,38.18,34.46,47.7286075,42.02,35.36395797,NA,34.96,39.008596929,59.6,11.85,9.475,23.74518139,32.65,11.17665549,42.29,31.14,3.17,NA,10.895,33.25,111.39,57.998627956,34.38,62.98708,23.4,68.23954165,NA,8.37
"40114",32.1,78.7,36.83,33.145,46.5476935,41.54,33.42991597,NA,33.045,37.719184923,56.38,11.36,9.55,23.5083436,32.79,11.0999889,40,30.57,3.045,NA,10.425,32.9,110.61,57.989127771,31.38,60.86489992,21.89,65.28729928,NA,8.2
"40115",32.86,82.15,37.65,34.105,47.4727428,42,37.89755299,NA,34.8,40.701921128,58.26,11.81,9.6,23.55220245,33.27,11.41665525,41.59,31.82,3.34,NA,10.715,32.9,111.8,58.017628325,31.72,62.6963704,22.87,70.4760889,NA,8.8
"40116",31.5,77.99,36.7,33.23,46.30166975,41.6,35.1028623,NA,32.905,37.983281358,55.15,11.4,9.255,22.81537377,32.84,11.2666554,40.56,30.5,3.075,NA,10.46,32,108.05,56.526099318,30.785,59.35321,21.85,66.6988091,NA,8.71
"40119",32.63,77.89,36.28,33.55,45.96707745,41.16,34.812756,NA,32.5,37.67257967,55.64,11.44,9.285,22.61362306,32.74,11.27332206,41.72,30.78,3.155,NA,10.405,31.6,107.29,56.573600242,30.9,59.16909392,22.01,66.3012007,NA,8.7
"40120",32.77,78,36.4,31.755,46.0162822,42.64,34.1358413,NA,31.8,37.253132391,54.83,11.39,9.25,22.48204651,34.2,11.84332149,40.44,31.4,3.08,NA,10.45,31.74,106.55,56.336095623,31.57,59.110952,21.96,65.7047881,NA,8.53
"40121",33.92,79.55,36.8,32.34,45.9572365,41.48,36.02153225,NA,32.57,37.552182766,55.3,11.785,9.32,22.91186324,34.8,11.90998809,42.78,31.53,3.28,NA,10.85,32.15,107.68,56.355095993,31.62,59.4016616,22.53,67.10635771,NA,8.67
"40122",34.18,79.15,37.76,32.775,47.1381505,41.75,36.03120246,NA,32.685,37.594904248,55.25,11.81,9.525,23.10484218,35.04,12.02332131,45,31.4,3.24,NA,10.79,32.51,106.6,56.193592852,31.7,60.13812592,22.83,67.84193325,NA,8.65
"40123",34.27,79.4,37.42,33.14,47.5317885,41.47,35.03517083,NA,33.375,37.649277044,55,11.95,9.475,22.95572209,34.96,11.95332138,44.51,31.23,3.22,NA,11.135,32.49,105.32,56.288594699,31.49,60.1768872,22.86,69.45224727,NA,8.55
"40126",34.79,83.05,38.49,33.53,48.86031675,41.85,37.40437228,NA,34.12,38.837711,56.58,12.455,9.6,23.78026847,34.94,12.21665445,45.76,31.82,3.205,NA,11.285,32.97,107.4,57.476117794,31.45,61.95021576,23.37,71.2713057,NA,8.74
"40127",35.04,83.11,38.7,32.69,49.007931,42.5,36.34064918,NA,33.78,38.717314096,56.08,12.4,9.58,23.62237661,35.7,12.4666542,45.6,32.56,3.165,NA,11.16,33.125,106.7,57.761123337,31.335,61.65950616,23.18,60.01898798,NA,8.54
"40128",35.82,83,39.25,33.03,49.4212509,42.18,36.97888304,NA,34.3,39.148412688,58.05,12.51,9.585,23.93816033,35.35,12.76332057,46.49,32.27,3.375,NA,11.06,33.45,107.42,58.207632021,31.925,61.97928672,23.77,60.5358789,NA,8.62
"40129",35.54,83.5,39.56,33.205,50.23804975,42.8,36.02153225,NA,34.11,39.031899555,57.59,12.41,9.655,23.52588714,35.21,12.65998734,46.61,32.15,3.33,NA,11.175,33.095,106.69,58.42613627,32.12,61.77579,23.45,59.64126,NA,8.59
"40130",35.82,84,39.73,33.545,50.582483,43.14,36.47603212,NA,34.34,39.218320568,57.5,12.56,9.685,23.48202829,35.86,12.70665396,46.83,32.2,3.405,NA,11.24,33,107.25,58.682641259,32.33,61.97928672,23.92,60.635281,NA,8.66
"40133",36.6,85.75,40.83,34.56,51.0942124,43.55,37.51074459,NA,35.81,40.313544018,58.49,12.8,9.76,23.49080006,35.9,12.82665384,47.62,32.87,3.515,NA,11.3,32.995,107.85,59.376154746,32.78,63.8107572,24.8,62.4245188,NA,8.59
"40134",36.17,85.25,40.6,33.935,52.26528545,44,37.2303085,NA,35.67,40.344614187,58.82,12.71,9.79,23.63992015,35.86,12.82332051,46.45,32.9,3.48,NA,11.11,32.785,107.35,59.281152898,33.075,63.31655088,24.93,61.94738872,NA,8.67
"40135",36.21,84.49,40.33,33.89,51.0745305,43.89,37.9072232,NA,35.965,40.173728259,58.39,12.78,9.68,23.97324741,35.82,12.9333204,46.15,32.91,3.505,NA,11.145,32.84,106.17,59.851163984,32.785,64.33403448,24.9,61.48019885,NA,8.68
"40136",35.57,83.9,39.84,33.185,50.71041535,43.61,36.39867044,NA,35.4,39.148412688,57.59,12.62,9.58,23.73640962,35.64,12.68332065,44.4,32.33,3.29,NA,10.81,32.155,105.3,59.490156963,32.2,63.25840896,24.4,60.66510163,NA,8.46
"40137",35.28,83.15,39.86,32.75,50.73009725,44.05,35.63472385,NA,35.03,38.161934829,56.77,12.64,9.565,23.51711537,35.66,12.66332067,44,33.13,3.13,NA,10.7,32.12,104.2,59.091149203,32.075,62.13433184,24.34,57.49417464,NA,8.32
"40140",36.45,84.8,41.2,32.88,52.02910265,44.75,36.22460666,NA,35.415,39.396974039,57.87,12.96,9.685,23.78026847,35.76,12.93665373,44.6,33.94,3.185,NA,11.005,33.095,105.74,59.955666016,32.26,64.2468216,24.85,59.1442495,NA,8.43
"40141",36.27,85.03,41.29,32.48,52.5309911,44.72,36.13757477,NA,35.465,38.682360156,57.81,12.97,9.685,23.71009431,35.91,12.7666539,44.89,34.22,3.245,NA,10.905,33.05,105.39,59.993666755,32.22,64.1014668,24.97,57.20590855,NA,8.46
"40142",37.58,84.85,41.59,32.14,52.157035,45.36,36.02153225,NA,35.6,38.616336047,58,13.01,9.84,23.93816033,36,12.87665379,45.65,34.46,3.19,NA,10.86,33.215,105.33,59.813163245,32.195,64.925144,24.91,57.1562075,NA,8.56
"40143",37.27,81.86,40.2,31.34,50.3463002,43.97,34.5226497,NA,34.01,36.89582545,55.5,12.505,9.75,23.3329082,35.74,12.5666541,43.62,33.59,3.1,NA,10.535,32.66,104.65,58.473637194,31.68,62.89986712,23.96,53.4783298,NA,8.25
"40144",37.98,82.6,40.56,32.27,50.385664,43.84,35.15121335,NA,34.42,37.171573198,57.1,12.6,9.83,23.43816944,35.87,12.999987,44.46,33.65,3.21,NA,10.615,32.755,104.9,58.80614366,32.005,63.41345408,24.4,54.22384555,NA,8.47
"40147",38.15,81.9,40.21,31.52,50.23804975,43.46,33.98111794,NA,33.79,37.361877982,56,12.47,9.87,23.13992926,35.4,12.83665383,44.22,33.58,3.19,NA,10.66,31.555,104.53,58.131630543,31.775,63.25840896,24.31,56.43057217,NA,8.43
"40148",38.45,84.5,40.87,32.17,51.4484866,44.24,34.812756,NA,35.19,38.503706686,56.26,12.95,10.205,23.63992015,35.92,13.21665345,46.35,35.34,3.315,NA,10.9,32.145,106.83,59.461656409,32.025,65.59377608,25.07,59.82018378,NA,8.61
"40149",37.85,84.2,41.5,31.64,52.3341721,44.9,34.83209642,NA,35.14,37.827930514,55.32,12.97,10.34,23.86798617,36.19,13.2666534,47,34.96,3.275,NA,11.01,32.475,105.64,59.670660474,30.715,65.32244712,25.06,61.1322915,NA,8.68
"40150",37.22,84.47,41.31,32.265,52.52115015,45.38,35.3929686,NA,35.5,38.072608093,55.54,13.32,10.36,24.05219334,36.55,13.1999868,47.19,35.05,3.28,NA,11.465,32.255,106.78,60.269172113,30.95,62.31844792,25.12,62.19589397,NA,8.79
"40151",37.63,84.3,41.6,32.79,52.6884463,46.06,36.14724498,NA,35.71,38.332820757,55.85,13.49,10.535,24.34166175,36.96,13.1666535,47.5,35.18,3.28,NA,11.645,32.395,106.3,60.668179873,31.025,61.15560952,25.14,62.623323,NA,8.82
"40154",38.23,83.9,42.68,32.565,52.3735359,46.25,35.82812805,NA,36.38,38.363890926,55.12,13.42,10.505,24.2100852,36.95,13.18332015,48.3,35.69,3.345,NA,11.64,32.41,106.21,60.525677102,30.81,60.50635808,25,64.3131587,NA,9.01
"40155",37.69,82.86,41.25,32.29,51.0942124,45.15,35.1995644,NA,35.185,37.455088489,53.71,13.27,10.13,23.87675794,35.98,13.4333199,47.02,34.94,3.375,NA,11.62,32.185,104.6,59.898664908,30.4,59.90555824,24.59,63.4185398,NA,8.83
"40156",37.75,81.57,41.5,31.71,51.5075323,44.43,34.65803264,NA,34.62,36.658915413,53.16,13.17,10.105,23.60483307,36.35,13.36998663,46.96,34.77,3.36,NA,11.515,31.52,103.09,59.965166201,30.105,58.39386832,24.35,62.7227251,NA,8.91
"40157",37.45,83,42.2,31.61,52.5113092,45.1,35.34461755,NA,34.915,37.28420256,53.34,13.2,10.195,24.01710626,36.32,13.67998632,45.88,35.38,3.35,NA,11.48,31.84,104.41,60.278672298,30.185,59.46949384,24.64,64.43244122,NA,8.91
"40158",37.71,85.15,43,31.75,53.46588135,44.89,35.1995644,NA,35.23,37.245364849,53.18,13.2,10.17,24.21885697,36.54,13.666653,47.04,36.45,3.34,NA,11.74,31.915,104.93,61.18118985,30.725,60.08967432,24.47,66.7982112,NA,8.91
"40161",37.57,85.25,43.09,31.705,53.17065285,45.12,36.39867044,NA,35.98,38.418263721,53.77,13.36,10.26,24.40306414,36.79,13.7333196,47.78,36.52,3.365,NA,11.805,32.245,106.1,61.675199458,31,59.71175184,25.05,67.34492275,NA,9.05
"40162",38.03,84.42,43.18,31.59,53.19033475,45.89,37.22063829,NA,36.26,38.387193553,54.02,13.45,10.27,24.44692299,37.02,13.77998622,47.7,36.31,3.45,NA,11.77,32.07,105.92,62.026706294,30.945,59.31444872,24.88,67.83199304,NA,9
"40163",38.17,86.36,43.71,32.1,54.0858612,45.7,36.66943632,NA,37.04,40.379568127,55,13.66,10.28,24.78025025,37.23,13.93665273,48.79,36.74,3.565,NA,11.96,32.195,107.01,62.653718488,31.575,59.91524856,25.37,67.8916343,NA,9.35
"40164",38.75,85.37,43.05,32.34,53.34778995,45.82,36.4566917,NA,36.615,39.54455734,55.06,13.49,10.08,24.44692299,37.28,14.00665266,47.51,36.6,3.405,NA,11.93,32.09,106.25,61.97920537,31.5,59.7408228,25.24,65.96323356,NA,9.38
"40165",38.5,84.55,43.32,31.815,53.4363585,45.89,36.05054288,NA,36.765,38.884316253,55.97,13.43,10.04,24.71007609,37.5,14.0999859,48.75,36.82,3.575,NA,11.81,32.42,106.43,62.264210913,32.26,59.72144216,25.45,66.599407,NA,9.46
"40168",38.75,85.85,43.31,31.94,54.6566363,45.97,36.56306401,NA,36.99,39.385322725,56.3,13.57,10.29,24.98200096,37.57,14.0999859,48.91,36.93,3.715,NA,11.91,32.61,107.9,63.233229758,32.885,61.3881772,25.86,66.15209755,NA,9.8
"40169",38.53,87.3,43.49,31.97,54.52870395,45.86,36.8435001,NA,37.285,39.163947773,56.83,13.69,10.42,25.0872622,37.48,14.0999859,48.82,36.5,3.88,NA,11.855,32.53,109,64.15474768,32.76,61.85331256,25.97,65.45628285,NA,9.51
"40170",38.4,87.46,43.69,32.08,54.9912286,46.19,36.47603212,NA,37.3,39.062969724,57.26,13.62,10.41,25.15743636,37.59,14.45998554,48.12,36.87,3.82,NA,11.95,32.34,108.99,64.363751745,32.63,61.99866736,26.22,63.46824085,NA,9.62
"40175",38.72,88.16,43.85,31.81,55.2077295,45.7,36.03120246,NA,37.605,39.319298617,57.38,13.72,10.44,25.51707893,37.24,14.5333188,47.97,36.65,3.835,NA,11.885,32.3,109.21,64.867261537,32.815,62.8901768,26.49,63.85590904,NA,9.51
"40176",38.42,87.55,43.7,32,55.45375325,45.9,35.3929686,NA,37.75,39.315414845,57.71,13.77,10.425,25.9644392,37.33,14.4666522,48.55,36.42,3.885,NA,11.855,32.55,109.71,65.114266341,32.83,62.90955744,26.7,65.41652201,NA,9.69
"40177",37.94,87.63,43.74,32,55.29629805,46.16,35.44131965,NA,37.17,38.511474228,57.92,13.55,10.34,25.53462247,37.02,14.48331885,47.74,36.21,3.88,NA,11.765,32.35,108.87,64.819760613,33.08,62.37658984,26.58,64.72070731,NA,9.63
